{
  "source": "kaggle",
  "n_rows": 8950,
  "features": [
    "BALANCE",
    "PURCHASES",
    "CASH_ADVANCE",
    "CREDIT_LIMIT",
    "PAYMENTS",
    "MINIMUM_PAYMENTS",
    "PRC_FULL_PAYMENT",
    "TENURE"
  ],
  "cluster_sizes": {
    "Bill Payer": 0.6427,
    "Digital Native": 0.1439,
    "On-the-Go Professional": 0.1341,
    "First-Timer": 0.0793
  },
  "cluster_profiles": {
    "Bill Payer": {
      "BALANCE": 1149.8,
      "PURCHASES": 637.64,
      "CASH_ADVANCE": 554.62,
      "CREDIT_LIMIT": 3483.49,
      "PAYMENTS": 1100.56,
      "MINIMUM_PAYMENTS": 631.56,
      "PRC_FULL_PAYMENT": 0.04,
      "TENURE": 11.89
    },
    "First-Timer": {
      "BALANCE": 923.17,
      "PURCHASES": 427.98,
      "CASH_ADVANCE": 1160.93,
      "CREDIT_LIMIT": 2581.18,
      "PAYMENTS": 635.53,
      "MINIMUM_PAYMENTS": 366.1,
      "PRC_FULL_PAYMENT": 0.15,
      "TENURE": 7.37
    },
    "On-the-Go Professional": {
      "BALANCE": 5427.82,
      "PURCHASES": 2350.44,
      "CASH_ADVANCE": 3835.42,
      "CREDIT_LIMIT": 9617.59,
      "PAYMENTS": 5144.73,
      "MINIMUM_PAYMENTS": 2934.71,
      "PRC_FULL_PAYMENT": 0.04,
      "TENURE": 11.82
    },
    "Digital Native": {
      "BALANCE": 170.48,
      "PURCHASES": 1697.66,
      "CASH_ADVANCE": 111.78,
      "CREDIT_LIMIT": 5289.31,
      "PAYMENTS": 1984.7,
      "MINIMUM_PAYMENTS": 198.51,
      "PRC_FULL_PAYMENT": 0.77,
      "TENURE": 11.84
    }
  },
  "scaler_mean": [
    1564.4748276781006,
    1003.2048335195531,
    978.8711124654749,
    4494.282472772402,
    1733.1438520248046,
    844.9067666256983,
    0.15371464849162012,
    11.51731843575419
  ],
  "scaler_scale": [
    2081.415589510965,
    2136.5154134668696,
    2097.046713377317,
    3638.4434196010457,
    2894.9020169811592,
    2332.6619944289573,
    0.2924828550401881,
    1.3382560001966581
  ],
  "centroids": [
    [
      -0.19922839438650516,
      -0.17110338427659064,
      -0.20231083725947657,
      -0.27780890153279847,
      -0.21851545994219013,
      -0.09733721694463028,
      -0.39022332482974226,
      0.28117474496915923
    ],
    [
      -0.30811184562545546,
      -0.2692351419872269,
      0.08681690741820015,
      -0.5256415983422428,
      -0.37915324415239077,
      -0.20707828202124512,
      -0.02331362091694612,
      -3.095574051468087
    ],
    [
      1.8579741558428884,
      0.6304284750206451,
      1.363704507237316,
      1.4065257943453175,
      1.1792295964592556,
      0.8874233553837876,
      -0.3871814282707832,
      0.22419429020051096
    ],
    [
      -0.6695033963928417,
      0.3254149539333796,
      -0.4135219336911951,
      0.22089830024795473,
      0.08704689121879564,
      -0.27704526842867633,
      2.1143116895022396,
      0.2418397901701449
    ]
  ]
}